{
  "timestamp": "2026-02-28T03:27:39.132239",
  "phase": "Phase 4: Factor Combination Optimization",
  "baseline": {
    "is": {
      "total_trades": 1144,
      "winning_trades": 345,
      "losing_trades": 799,
      "win_rate": 30.157342657342657,
      "total_pnl": -3833.5628746655666,
      "total_return": -38.335628746655665,
      "final_equity": 6166.437125334433,
      "max_drawdown_pct": 42.870596079110456,
      "expectancy": -3.351016498833537
    },
    "oos": {
      "total_trades": 1115,
      "winning_trades": 355,
      "losing_trades": 760,
      "win_rate": 31.838565022421523,
      "total_pnl": -2305.6260043058646,
      "total_return": -23.056260043058646,
      "final_equity": 7694.373995694135,
      "max_drawdown_pct": 31.35515868698536,
      "expectancy": -2.067826012830372
    }
  },
  "combinations": [
    {
      "name": "Trend+Structure+MTF",
      "is_return": -8.293086423592538,
      "oos_return": 10.432980175411371,
      "is_improvement": 30.042542323063127,
      "oos_improvement": 33.489240218470016,
      "is_trades": 181,
      "oos_trades": 189,
      "is_win_rate": 27.624309392265197,
      "oos_win_rate": 39.682539682539684,
      "is_expectancy": -4.5818157036422855,
      "oos_expectancy": 5.520095330905487
    },
    {
      "name": "Trend+Range_Relaxed",
      "is_return": -9.903295488835383,
      "oos_return": 10.054129305159899,
      "is_improvement": 28.432333257820282,
      "oos_improvement": 33.11038934821855,
      "is_trades": 263,
      "oos_trades": 211,
      "is_win_rate": 31.1787072243346,
      "oos_win_rate": 39.33649289099526,
      "is_expectancy": -3.765511592713073,
      "oos_expectancy": 4.76499019201891
    },
    {
      "name": "Trend+Structure+Range",
      "is_return": -6.470323291124731,
      "oos_return": 8.277001417272176,
      "is_improvement": 31.865305455530933,
      "oos_improvement": 31.333261460330824,
      "is_trades": 99,
      "oos_trades": 74,
      "is_win_rate": 26.262626262626267,
      "oos_win_rate": 44.5945945945946,
      "is_expectancy": -6.535680092045183,
      "oos_expectancy": 11.185137050367807
    },
    {
      "name": "All_Four",
      "is_return": -6.470323291124731,
      "oos_return": 8.277001417272176,
      "is_improvement": 31.865305455530933,
      "oos_improvement": 31.333261460330824,
      "is_trades": 99,
      "oos_trades": 74,
      "is_win_rate": 26.262626262626267,
      "oos_win_rate": 44.5945945945946,
      "is_expectancy": -6.535680092045183,
      "oos_expectancy": 11.185137050367807
    },
    {
      "name": "Trend+MTF_Relaxed",
      "is_return": -13.509954790273232,
      "oos_return": 8.236262681258554,
      "is_improvement": 24.82567395638243,
      "oos_improvement": 31.2925227243172,
      "is_trades": 420,
      "oos_trades": 367,
      "is_win_rate": 30.952380952380953,
      "oos_win_rate": 35.967302452316076,
      "is_expectancy": -3.2166559024460075,
      "oos_expectancy": 2.244213264648107
    },
    {
      "name": "TrendStrength",
      "is_return": -10.009926842765044,
      "oos_return": 7.744293909340326,
      "is_improvement": 28.32570190389062,
      "oos_improvement": 30.80055395239897,
      "is_trades": 206,
      "oos_trades": 212,
      "is_win_rate": 27.184466019417474,
      "oos_win_rate": 37.264150943396224,
      "is_expectancy": -4.859187787750021,
      "oos_expectancy": 3.6529688251605315
    },
    {
      "name": "Trend+MTF",
      "is_return": -10.009926842765044,
      "oos_return": 7.744293909340326,
      "is_improvement": 28.32570190389062,
      "oos_improvement": 30.80055395239897,
      "is_trades": 206,
      "oos_trades": 212,
      "is_win_rate": 27.184466019417474,
      "oos_win_rate": 37.264150943396224,
      "is_expectancy": -4.859187787750021,
      "oos_expectancy": 3.6529688251605315
    },
    {
      "name": "Trend+Range",
      "is_return": -7.40375378221242,
      "oos_return": 5.676390036031255,
      "is_improvement": 30.931874964443246,
      "oos_improvement": 28.7326500790899,
      "is_trades": 116,
      "oos_trades": 89,
      "is_win_rate": 25.862068965517242,
      "oos_win_rate": 39.325842696629216,
      "is_expectancy": -6.382546363976225,
      "oos_expectancy": 6.377966332619388
    },
    {
      "name": "Trend+Range+MTF",
      "is_return": -7.40375378221242,
      "oos_return": 5.676390036031255,
      "is_improvement": 30.931874964443246,
      "oos_improvement": 28.7326500790899,
      "is_trades": 116,
      "oos_trades": 89,
      "is_win_rate": 25.862068965517242,
      "oos_win_rate": 39.325842696629216,
      "is_expectancy": -6.382546363976225,
      "oos_expectancy": 6.377966332619388
    },
    {
      "name": "Structure+Range",
      "is_return": -7.9487163972602985,
      "oos_return": 3.864516876651436,
      "is_improvement": 30.386912349395367,
      "oos_improvement": 26.920776919710082,
      "is_trades": 189,
      "oos_trades": 145,
      "is_win_rate": 31.216931216931215,
      "oos_win_rate": 39.310344827586206,
      "is_expectancy": -4.2056700514604755,
      "oos_expectancy": 2.6651840528630593
    },
    {
      "name": "TrendStructure",
      "is_return": -19.170380125860188,
      "oos_return": 2.9526689564441915,
      "is_improvement": 19.165248620795477,
      "oos_improvement": 26.00892899950284,
      "is_trades": 479,
      "oos_trades": 483,
      "is_win_rate": 31.106471816283925,
      "oos_win_rate": 35.61076604554865,
      "is_expectancy": -4.002167040889392,
      "oos_expectancy": 0.611318624522607
    },
    {
      "name": "Structure+MTF",
      "is_return": -19.170380125860188,
      "oos_return": 2.9526689564441915,
      "is_improvement": 19.165248620795477,
      "oos_improvement": 26.00892899950284,
      "is_trades": 479,
      "oos_trades": 483,
      "is_win_rate": 31.106471816283925,
      "oos_win_rate": 35.61076604554865,
      "is_expectancy": -4.002167040889392,
      "oos_expectancy": 0.611318624522607
    },
    {
      "name": "RangeATR",
      "is_return": -17.977546469260464,
      "oos_return": -1.127180955150873,
      "is_improvement": 20.3580822773952,
      "oos_improvement": 21.929079087907773,
      "is_trades": 405,
      "oos_trades": 338,
      "is_win_rate": 30.12345679012346,
      "oos_win_rate": 34.319526627218934,
      "is_expectancy": -4.438900362780362,
      "oos_expectancy": -0.33348548968960734
    },
    {
      "name": "MTFAlignment",
      "is_return": -38.33562874665571,
      "oos_return": -23.056260043058916,
      "is_improvement": -4.263256414560601e-14,
      "oos_improvement": -2.7000623958883807e-13,
      "is_trades": 1144,
      "oos_trades": 1115,
      "is_win_rate": 30.157342657342657,
      "oos_win_rate": 31.838565022421523,
      "is_expectancy": -3.3510164988335407,
      "oos_expectancy": -2.067826012830396
    }
  ]
}