{
  "timestamp": "2026-02-28T13:16:23.561178",
  "phase": "Phase 5: Futures Market Validation",
  "assets": [
    "ES",
    "NQ"
  ],
  "timeframe": "5m",
  "results": {
    "Baseline_ES_IS": {
      "total_trades": 722,
      "winning_trades": 190,
      "losing_trades": 532,
      "win_rate": 26.31578947368421,
      "total_pnl": -51724.0460190542,
      "total_return": -51.72404601905421,
      "final_equity": 48275.9539809458,
      "max_drawdown_pct": 51.96754346318061,
      "expectancy": -71.63995293497811
    },
    "TrendStrength_ES_IS": {
      "total_trades": 104,
      "winning_trades": 29,
      "losing_trades": 75,
      "win_rate": 27.884615384615387,
      "total_pnl": -1647.8647204678748,
      "total_return": -1.647864720467875,
      "final_equity": 98352.13527953211,
      "max_drawdown_pct": 3.4863781249345243,
      "expectancy": -15.844853081421872
    },
    "TrendStructure_ES_IS": {
      "total_trades": 354,
      "winning_trades": 104,
      "losing_trades": 250,
      "win_rate": 29.37853107344633,
      "total_pnl": -15155.478179733378,
      "total_return": -15.155478179733379,
      "final_equity": 84844.52182026666,
      "max_drawdown_pct": 16.47349253602034,
      "expectancy": -42.81208525348412
    },
    "RangeATR_ES_IS": {
      "total_trades": 225,
      "winning_trades": 53,
      "losing_trades": 172,
      "win_rate": 23.555555555555554,
      "total_pnl": -19695.112888602034,
      "total_return": -19.695112888602033,
      "final_equity": 80304.887111398,
      "max_drawdown_pct": 19.935419957286065,
      "expectancy": -87.53383506045348
    },
    "FollowThrough_ES_IS": {
      "total_trades": 23,
      "winning_trades": 10,
      "losing_trades": 13,
      "win_rate": 43.47826086956522,
      "total_pnl": 265.89285727763877,
      "total_return": 0.2658928572776388,
      "final_equity": 100265.89285727768,
      "max_drawdown_pct": 0.6242472336978006,
      "expectancy": 11.56055901207125
    },
    "VolatilityPct_ES_IS": {
      "total_trades": 400,
      "winning_trades": 112,
      "losing_trades": 288,
      "win_rate": 28.000000000000004,
      "total_pnl": -33958.710850382195,
      "total_return": -33.9587108503822,
      "final_equity": 66041.28914961775,
      "max_drawdown_pct": 34.10277081604869,
      "expectancy": -84.89677712595548
    },
    "TailRatio_ES_IS": {
      "total_trades": 295,
      "winning_trades": 72,
      "losing_trades": 223,
      "win_rate": 24.40677966101695,
      "total_pnl": -28875.281499654528,
      "total_return": -28.875281499654527,
      "final_equity": 71124.71850034545,
      "max_drawdown_pct": 29.349220048923897,
      "expectancy": -97.88231016832043
    },
    "Trend+Structure+MTF_ES_IS": {
      "total_trades": 98,
      "winning_trades": 26,
      "losing_trades": 72,
      "win_rate": 26.53061224489796,
      "total_pnl": -3116.7605439591634,
      "total_return": -3.1167605439591637,
      "final_equity": 96883.23945604081,
      "max_drawdown_pct": 3.6092571586429005,
      "expectancy": -31.803679019991463
    },
    "Trend+Range_ES_IS": {
      "total_trades": 36,
      "winning_trades": 7,
      "losing_trades": 29,
      "win_rate": 19.444444444444446,
      "total_pnl": -804.7954416649324,
      "total_return": -0.8047954416649324,
      "final_equity": 99195.20455833504,
      "max_drawdown_pct": 2.641644933035082,
      "expectancy": -22.35542893513701
    },
    "Trend+Structure+Range_ES_IS": {
      "total_trades": 32,
      "winning_trades": 6,
      "losing_trades": 26,
      "win_rate": 18.75,
      "total_pnl": -1154.007007039242,
      "total_return": -1.1540070070392419,
      "final_equity": 98845.99299296073,
      "max_drawdown_pct": 2.2695521138811685,
      "expectancy": -36.06271896997631
    },
    "Baseline_NQ_IS": {
      "total_trades": 729,
      "winning_trades": 199,
      "losing_trades": 530,
      "win_rate": 27.29766803840878,
      "total_pnl": -55422.76184150413,
      "total_return": -55.42276184150413,
      "final_equity": 44577.23815849587,
      "max_drawdown_pct": 55.747428824655465,
      "expectancy": -76.02573640809894
    },
    "TrendStrength_NQ_IS": {
      "total_trades": 134,
      "winning_trades": 40,
      "losing_trades": 94,
      "win_rate": 29.850746268656714,
      "total_pnl": -6144.794943243255,
      "total_return": -6.144794943243255,
      "final_equity": 93855.20505675666,
      "max_drawdown_pct": 6.4312520857466815,
      "expectancy": -45.85667868091981
    },
    "TrendStructure_NQ_IS": {
      "total_trades": 320,
      "winning_trades": 91,
      "losing_trades": 229,
      "win_rate": 28.4375,
      "total_pnl": -20662.450960703656,
      "total_return": -20.66245096070366,
      "final_equity": 79337.54903929612,
      "max_drawdown_pct": 20.963530222982072,
      "expectancy": -64.57015925219892
    },
    "RangeATR_NQ_IS": {
      "total_trades": 217,
      "winning_trades": 57,
      "losing_trades": 160,
      "win_rate": 26.26728110599078,
      "total_pnl": -17128.321555105864,
      "total_return": -17.128321555105863,
      "final_equity": 82871.67844489407,
      "max_drawdown_pct": 17.510422402773386,
      "expectancy": -78.93235739680122
    },
    "FollowThrough_NQ_IS": {
      "total_trades": 18,
      "winning_trades": 10,
      "losing_trades": 8,
      "win_rate": 55.55555555555556,
      "total_pnl": 524.5597742263863,
      "total_return": 0.5245597742263862,
      "final_equity": 100524.55977422636,
      "max_drawdown_pct": 0.2787320638673391,
      "expectancy": 29.14220967924368
    },
    "VolatilityPct_NQ_IS": {
      "total_trades": 406,
      "winning_trades": 105,
      "losing_trades": 301,
      "win_rate": 25.862068965517242,
      "total_pnl": -38579.22172435747,
      "total_return": -38.579221724357474,
      "final_equity": 61420.77827564238,
      "max_drawdown_pct": 38.57922172435762,
      "expectancy": -95.0227136067918
    },
    "TailRatio_NQ_IS": {
      "total_trades": 255,
      "winning_trades": 65,
      "losing_trades": 190,
      "win_rate": 25.49019607843137,
      "total_pnl": -32938.626466961665,
      "total_return": -32.938626466961665,
      "final_equity": 67061.37353303822,
      "max_drawdown_pct": 33.44591778594667,
      "expectancy": -129.1710841841634
    },
    "Trend+Structure+MTF_NQ_IS": {
      "total_trades": 123,
      "winning_trades": 39,
      "losing_trades": 84,
      "win_rate": 31.70731707317073,
      "total_pnl": -4948.829331389943,
      "total_return": -4.948829331389943,
      "final_equity": 95051.17066860996,
      "max_drawdown_pct": 4.984075175385267,
      "expectancy": -40.23438480804832
    },
    "Trend+Range_NQ_IS": {
      "total_trades": 48,
      "winning_trades": 16,
      "losing_trades": 32,
      "win_rate": 33.33333333333333,
      "total_pnl": -1049.8598249340582,
      "total_return": -1.0498598249340583,
      "final_equity": 98950.14017506591,
      "max_drawdown_pct": 1.1603444389590183,
      "expectancy": -21.872079686126213
    },
    "Trend+Structure+Range_NQ_IS": {
      "total_trades": 41,
      "winning_trades": 16,
      "losing_trades": 25,
      "win_rate": 39.02439024390244,
      "total_pnl": -147.87147470481256,
      "total_return": -0.14787147470481254,
      "final_equity": 99852.12852529516,
      "max_drawdown_pct": 1.0045439320470066,
      "expectancy": -3.606621334263721
    },
    "Baseline_ES_OOS": {
      "total_trades": 756,
      "winning_trades": 209,
      "losing_trades": 547,
      "win_rate": 27.645502645502646,
      "total_pnl": -63698.7766782783,
      "total_return": -63.6987766782783,
      "final_equity": 36301.2233217217,
      "max_drawdown_pct": 63.84450110749842,
      "expectancy": -84.25764110883372
    },
    "TrendStrength_ES_OOS": {
      "total_trades": 114,
      "winning_trades": 36,
      "losing_trades": 78,
      "win_rate": 31.57894736842105,
      "total_pnl": -1629.8136975308516,
      "total_return": -1.6298136975308515,